{
  "test_accuracy": 0.9538,
  "test_reflexivity": 0.4097195414596122,
  "test_phase": "critical",
  "per_class_accuracy": {
    "0": 0.9438775510204082,
    "1": 0.986784140969163,
    "2": 0.9941860465116279,
    "3": 0.9683168316831683,
    "4": 0.9725050916496945,
    "5": 0.945067264573991,
    "6": 0.9436325678496869,
    "7": 0.9776264591439688,
    "8": 0.9271047227926078,
    "9": 0.8711595639246779
  },
  "training_dynamics": {
    "batch_idx": [
      50,
      100,
      150,
      200,
      250,
      300,
      350,
      400,
      450,
      500,
      550,
      600,
      650,
      700,
      750,
      800,
      850,
      900
    ],
    "losses": [
      3.1102395057678223,
      2.2389769554138184,
      1.3686515092849731,
      1.1779252290725708,
      1.5374315977096558,
      0.39651304483413696,
      0.4823971390724182,
      0.6384574174880981,
      0.19773678481578827,
      0.5311598181724548,
      0.35604166984558105,
      0.5038777589797974,
      0.5175616145133972,
      0.39858391880989075,
      0.09266413748264313,
      0.1812751293182373,
      0.12102749943733215,
      0.3246431350708008
    ],
    "accuracies": [
      0.5625,
      0.671875,
      0.84375,
      0.875,
      0.828125,
      0.96875,
      0.953125,
      0.96875,
      0.96875,
      0.921875,
      0.953125,
      0.953125,
      0.96875,
      0.96875,
      0.984375,
      0.984375,
      0.984375,
      0.921875
    ],
    "reflexivities": [
      0.4105170485826492,
      0.40973116198720644,
      0.4118123249814016,
      0.408798292255364,
      0.4094817541457999,
      0.41005370199644725,
      0.4100483101422068,
      0.4101464079391705,
      0.40935426751148507,
      0.4095038625697639,
      0.41056818312519683,
      0.4099958622157937,
      0.4096436046415097,
      0.40999245566899095,
      0.40965416716233766,
      0.4101793182020994,
      0.4096265017145885,
      0.4099567504495367
    ]
  },
  "reference_v311": {
    "accuracy": 0.9374,
    "reflexivity": 0.382
  },
  "_meta": {
    "timestamp": "2026-03-31T01:39:48.964966",
    "seed": 42,
    "device": "cuda",
    "torch_version": "2.8.0+cu128"
  }
}