{
  "test_accuracy": 0.9802,
  "test_reflexivity": 0.4098836043277828,
  "test_phase": "critical",
  "per_class_accuracy": {
    "0": 0.9908163265306122,
    "1": 0.9947136563876652,
    "2": 0.9796511627906976,
    "3": 0.9841584158415841,
    "4": 0.9816700610997964,
    "5": 0.9663677130044843,
    "6": 0.9926931106471816,
    "7": 0.9795719844357976,
    "8": 0.9537987679671458,
    "9": 0.9752229930624381
  },
  "training_dynamics": {
    "batch_idx": [
      50,
      100,
      150,
      200,
      250,
      300,
      350,
      400,
      450,
      500,
      550,
      600,
      650,
      700,
      750,
      800,
      850,
      900
    ],
    "losses": [
      3.2348859310150146,
      2.051588296890259,
      1.9847304821014404,
      1.114059329032898,
      0.7083907723426819,
      0.662308931350708,
      0.9294787049293518,
      0.659732460975647,
      0.362623393535614,
      0.4829765856266022,
      0.7144713997840881,
      0.4058029353618622,
      0.34869447350502014,
      0.23568369448184967,
      0.2641541361808777,
      0.08984164893627167,
      0.4094448983669281,
      0.516884446144104
    ],
    "accuracies": [
      0.421875,
      0.734375,
      0.765625,
      0.890625,
      0.96875,
      0.96875,
      0.9375,
      0.953125,
      0.953125,
      0.953125,
      0.9375,
      0.953125,
      0.953125,
      0.96875,
      0.984375,
      1.0,
      0.96875,
      0.9375
    ],
    "reflexivities": [
      0.4102631719877272,
      0.41016365458469883,
      0.40902652404241435,
      0.41095549093594796,
      0.4109595778926043,
      0.40947463837975384,
      0.40950650134764155,
      0.4096420843235067,
      0.4103585622289484,
      0.41039827273401525,
      0.4095722818758457,
      0.41006765332573614,
      0.40946546420368035,
      0.40946362542045933,
      0.4095716419634617,
      0.4099488969371882,
      0.4099186076365409,
      0.4095739416579111
    ]
  },
  "reference_v311": {
    "accuracy": 0.9374,
    "reflexivity": 0.382
  },
  "_meta": {
    "timestamp": "2026-03-29T19:38:56.457047",
    "seed": 42,
    "device": "cuda",
    "torch_version": "2.8.0+cu128"
  }
}