{
  "n_shot_scaling": {
    "n_shots": [
      1,
      5,
      10,
      20,
      50,
      100
    ],
    "knn_accuracies": [
      0.38671875,
      0.400390625,
      0.4892578125,
      0.556640625,
      0.6083984375,
      0.6689453125
    ],
    "prototype_accuracies": [
      0.38671875,
      0.4189453125,
      0.4208984375,
      0.4560546875,
      0.4482421875,
      0.439453125
    ],
    "method": "kNN top-5 weighted cosine voting (128-dim amp+phase)"
  },
  "reproducibility": {
    "trial_accuracies": [
      0.75,
      0.7275390625,
      0.7021484375,
      0.73046875,
      0.732421875
    ],
    "mean": 0.728515625,
    "std": 0.015341669442699594
  },
  "consolidation": {
    "knn_acc": 0.556640625,
    "prototype_acc": 0.4560546875,
    "knn_episodes": 200,
    "prototype_memories": 10
  },
  "stage_features": {
    "after_wave": 0.556640625,
    "after_v2": 0.65625,
    "after_v3": 0.6591796875,
    "after_v4": 0.6572265625
  },
  "consciousness_R": 0.4005253052005549,
  "_meta": {
    "timestamp": "2026-03-31T01:40:23.489154",
    "seed": 42,
    "device": "cuda",
    "torch_version": "2.8.0+cu128"
  }
}