{
  "velocity_tuning": {
    "speeds": [
      0.0,
      0.25,
      0.5,
      1.0,
      1.5,
      2.0,
      3.0,
      4.0,
      5.0
    ],
    "v3_diffs": [
      0.0,
      1.1385984420776367,
      1.244474172592163,
      2.01157546043396,
      3.038323163986206,
      3.6332194805145264,
      4.642914772033691,
      4.274415969848633,
      3.1835341453552246
    ]
  },
  "shape_discrimination": {
    "circle vs square": 0.3177143931388855,
    "circle vs triangle": 0.3135371804237366,
    "circle vs line": 0.8985286355018616,
    "square vs triangle": 0.431619793176651,
    "square vs line": 0.9171320199966431,
    "triangle vs line": 0.7989367842674255
  },
  "translation_invariance": {
    "v3_raw_diff": 4.642914772033691,
    "abstract_diff": 0.006445464212447405
  },
  "_meta": {
    "timestamp": "2026-03-31T22:34:53.558190",
    "seed": 42,
    "device": "cuda",
    "torch_version": "2.8.0+cu128"
  }
}