{
  "velocity_tuning": {
    "speeds": [
      0.0,
      0.25,
      0.5,
      1.0,
      1.5,
      2.0,
      3.0,
      4.0,
      5.0
    ],
    "v3_diffs": [
      0.0,
      0.047890178859233856,
      0.05769963189959526,
      0.10297136753797531,
      0.14423868060112,
      0.17269937694072723,
      0.21110695600509644,
      0.2059112787246704,
      0.16481715440750122
    ]
  },
  "shape_discrimination": {
    "circle vs square": 0.01552515011280775,
    "circle vs triangle": 0.015614635311067104,
    "circle vs line": 0.040137361735105515,
    "square vs triangle": 0.02206619270145893,
    "square vs line": 0.040241654962301254,
    "triangle vs line": 0.03731292113661766
  },
  "translation_invariance": {
    "v3_raw_diff": 0.21110695600509644,
    "abstract_diff": 0.0009595181327313185
  },
  "_meta": {
    "timestamp": "2026-03-29T19:39:29.652649",
    "seed": 42,
    "device": "cuda",
    "torch_version": "2.8.0+cu128"
  }
}