{
  "before_maturation": {
    "velocity_speeds": [
      0.0,
      0.5,
      1.0,
      2.0,
      3.0,
      4.0
    ],
    "velocity_diffs": [
      0.0,
      0.07018937170505524,
      0.11796621978282928,
      0.16981709003448486,
      0.20905683934688568,
      0.1989419311285019
    ],
    "shape_line_vs_closed": 0.03923064594467481,
    "shape_closed_vs_closed": 0.017735326041777928,
    "recognition_20shot": 0.556640625
  },
  "maturation_dynamics": {
    "v3_diff_history": [
      1.372441053390503,
      1.7678663730621338,
      1.7925649881362915,
      1.4952564239501953,
      1.408725619316101,
      1.3853275775909424,
      1.3774521350860596,
      1.3744670152664185,
      1.3733524084091187,
      1.3729820251464844,
      1.3729358911514282,
      1.3729825019836426,
      1.3730239868164062,
      1.3730418682098389,
      1.3730428218841553,
      1.373038411140442,
      1.3730347156524658,
      1.3730329275131226,
      1.3730326890945435,
      1.3730329275131226,
      1.3730332851409912,
      1.3730335235595703,
      1.3730335235595703,
      1.3730332851409912,
      1.3730334043502808,
      1.3730335235595703,
      1.3730334043502808,
      1.3730334043502808,
      1.3730334043502808,
      1.3730332851409912,
      1.3730335235595703,
      1.3730334043502808,
      1.3730334043502808,
      1.3730335235595703,
      1.3730335235595703,
      1.3730332851409912,
      1.3730334043502808,
      1.3730334043502808,
      1.3730334043502808,
      1.3730334043502808,
      1.3730334043502808,
      1.3730334043502808,
      1.3730334043502808,
      1.3730332851409912,
      1.3730334043502808,
      1.3730334043502808,
      1.3730334043502808,
      1.3730334043502808,
      1.3730334043502808,
      1.3730334043502808
    ],
    "weight_norm_history": [
      1.9125607013702393,
      23.650634765625,
      31.061126708984375,
      34.57834243774414,
      35.60747146606445,
      35.90057373046875,
      35.88117599487305,
      35.590538024902344,
      35.54283905029297,
      35.49892807006836,
      35.45255661010742,
      35.63211441040039,
      35.593406677246094,
      35.537872314453125,
      35.49608612060547,
      35.48067092895508,
      35.58329772949219,
      35.6496467590332,
      35.53479766845703,
      35.561424255371094,
      35.49957275390625,
      35.50601577758789,
      35.56516647338867,
      35.61644744873047,
      35.63887405395508,
      35.62436294555664,
      35.488685607910156,
      35.52293395996094,
      35.59737014770508,
      35.62725067138672,
      35.63847732543945,
      35.568443298339844,
      35.60544204711914,
      35.60560989379883,
      35.645233154296875,
      35.55146026611328,
      35.551551818847656,
      35.5770378112793,
      35.50995635986328,
      35.49864959716797,
      35.62387466430664,
      35.63623046875,
      35.50614929199219,
      35.509376525878906,
      35.662841796875,
      35.6593017578125,
      35.66701889038086,
      35.55220031738281,
      35.603431701660156,
      35.52840805053711
    ],
    "num_steps": 500
  },
  "after_maturation": {
    "velocity_speeds": [
      0.0,
      0.5,
      1.0,
      2.0,
      3.0,
      4.0
    ],
    "velocity_diffs": [
      0.0,
      0.5625756978988647,
      0.9836576581001282,
      1.3730335235595703,
      1.6159385442733765,
      1.5902526378631592
    ],
    "shape_line_vs_closed": 0.3943626880645752,
    "shape_closed_vs_closed": 0.22600316007932028
  },
  "recognition_comparison": {
    "fresh": 0.556640625,
    "matured_primitives": 0.5888671875,
    "matured_mnist": 0.6083984375
  },
  "_meta": {
    "timestamp": "2026-03-31T01:40:31.522569",
    "seed": 42,
    "device": "cuda",
    "torch_version": "2.8.0+cu128"
  }
}