{
  "before_maturation": {
    "velocity_speeds": [
      0.0,
      0.5,
      1.0,
      2.0,
      3.0,
      4.0
    ],
    "velocity_diffs": [
      0.0,
      1.4151098728179932,
      2.308725357055664,
      3.6218526363372803,
      4.701306343078613,
      4.228135585784912
    ],
    "shape_line_vs_closed": 0.8715324799219767,
    "shape_closed_vs_closed": 0.3542904555797577,
    "recognition_20shot": 0.619140625
  },
  "maturation_dynamics": {
    "v3_diff_history": [
      5.834618091583252,
      5.844567775726318,
      5.9158735275268555,
      5.889919757843018,
      5.8644866943359375,
      5.848362922668457,
      5.847707271575928,
      5.847690105438232,
      5.8466291427612305,
      5.846895694732666,
      5.846915245056152,
      5.8467841148376465,
      5.846838474273682,
      5.846841335296631,
      5.846823215484619,
      5.84683084487915,
      5.846832275390625,
      5.846828937530518,
      5.846830368041992,
      5.846830368041992,
      5.846829891204834,
      5.846830368041992,
      5.846830368041992,
      5.846830368041992,
      5.846830368041992,
      5.846830368041992,
      5.846830368041992,
      5.846830368041992,
      5.846830368041992,
      5.846830368041992,
      5.846830368041992,
      5.846830368041992,
      5.846830368041992,
      5.846830368041992,
      5.846829891204834,
      5.846830368041992,
      5.846830368041992,
      5.846830368041992,
      5.846830368041992,
      5.846830368041992,
      5.846830368041992,
      5.846830368041992,
      5.846830368041992,
      5.846830368041992,
      5.846830368041992,
      5.846830368041992,
      5.846830368041992,
      5.846830368041992,
      5.846830368041992,
      5.846830368041992
    ],
    "weight_norm_history": [
      1.6378940343856812,
      6.1747026443481445,
      33.17057418823242,
      32.08046340942383,
      36.43989181518555,
      35.42246627807617,
      35.1438102722168,
      35.791709899902344,
      35.516090393066406,
      35.48574447631836,
      35.569908142089844,
      35.71010208129883,
      35.5198860168457,
      35.61286926269531,
      35.5821533203125,
      35.57661437988281,
      35.5804443359375,
      35.56743621826172,
      35.52912521362305,
      35.63294219970703,
      35.572635650634766,
      35.575958251953125,
      35.554603576660156,
      35.54713821411133,
      35.59815979003906,
      35.635738372802734,
      35.57623291015625,
      35.601348876953125,
      35.51408004760742,
      35.62981033325195,
      35.637176513671875,
      35.51869583129883,
      35.558815002441406,
      35.631385803222656,
      35.58900833129883,
      35.62128448486328,
      35.57843017578125,
      35.600799560546875,
      35.58247375488281,
      35.59882354736328,
      35.572059631347656,
      35.63690185546875,
      35.62784194946289,
      35.566715240478516,
      35.5523567199707,
      35.57325744628906,
      35.57579040527344,
      35.62080383300781,
      35.569149017333984,
      35.55089569091797
    ],
    "num_steps": 500
  },
  "after_maturation": {
    "velocity_speeds": [
      0.0,
      0.5,
      1.0,
      2.0,
      3.0,
      4.0
    ],
    "velocity_diffs": [
      0.0,
      2.6145975589752197,
      4.206137180328369,
      5.846830368041992,
      6.996265411376953,
      6.956634998321533
    ],
    "shape_line_vs_closed": 1.9508334000905354,
    "shape_closed_vs_closed": 1.1062015891075134
  },
  "recognition_comparison": {
    "fresh": 0.619140625,
    "matured_primitives": 0.6240234375,
    "matured_mnist": 0.6435546875
  },
  "_meta": {
    "timestamp": "2026-03-31T21:48:10.894591",
    "seed": 42,
    "device": "cuda",
    "torch_version": "2.8.0+cu128"
  }
}