{
  "v3_motion_detection": {
    "speeds": [
      0.0,
      1.0,
      2.0,
      4.0
    ],
    "v3_diffs": [
      0.0,
      0.05639313906431198,
      0.09836149960756302,
      0.17333437502384186
    ],
    "digit": 5
  },
  "recognition": {
    "static_static": 0.572,
    "moving_moving": 0.526,
    "static_to_moving": 0.134,
    "moving_to_static": 0.09
  },
  "speed_robustness": {
    "0.5": 0.13666666666666666,
    "1.0": 0.13666666666666666,
    "2.0": 0.13666666666666666,
    "3.0": 0.13666666666666666,
    "4.0": 0.13666666666666666
  },
  "consciousness_R": 0.4005282311352128,
  "_meta": {
    "timestamp": "2026-03-29T21:49:54.352122",
    "seed": 42,
    "device": "cuda",
    "torch_version": "2.8.0+cu128"
  }
}