{
  "wave": {
    "velocity": {
      "speeds": [
        0.0,
        0.5,
        1.0,
        2.0,
        3.0,
        4.0,
        5.0
      ],
      "diffs": [
        0.0,
        0.07018937170505524,
        0.11796621978282928,
        0.16981709003448486,
        0.20905683934688568,
        0.1989419311285019,
        0.1562018245458603
      ]
    },
    "shape": {
      "line_vs_closed": 0.03923064594467481,
      "closed_vs_closed": 0.017735326041777928
    },
    "recognition_20shot": 0.556640625,
    "mnist_backprop": 0.9802,
    "cognitive": {
      "accuracy": 1.0,
      "R": 0.41177682763774553
    }
  },
  "plain": {
    "velocity": {
      "speeds": [
        0.0,
        0.5,
        1.0,
        2.0,
        3.0,
        4.0,
        5.0
      ],
      "diffs": [
        0.0,
        2.929887056350708,
        5.018167495727539,
        7.665558338165283,
        9.095534324645996,
        8.589591026306152,
        6.897276878356934
      ]
    },
    "shape": {
      "line_vs_closed": 1.727194865544637,
      "closed_vs_closed": 0.7733204563458761
    },
    "recognition_20shot": 0.5908203125,
    "mnist_backprop": 0.9775,
    "cognitive": {
      "accuracy": 1.0,
      "R": 0.41237835892191227
    }
  },
  "parameter_counts": {
    "wave": 1357785,
    "plain": 1363417
  },
  "_meta": {
    "timestamp": "2026-03-30T14:21:49.583843",
    "seed": 42,
    "device": "cuda",
    "torch_version": "2.8.0+cu128"
  }
}