{
  "untrained": {
    "velocity": {
      "speeds": [
        0.0,
        0.5,
        1.0,
        2.0,
        3.0,
        4.0,
        5.0
      ],
      "classic": [
        0.0,
        0.07018937170505524,
        0.11796621978282928,
        0.16981709003448486,
        0.20905683934688568,
        0.1989419311285019,
        0.1562018245458603
      ],
      "wave_on_t": [
        0.0,
        0.03133876249194145,
        0.05269870162010193,
        0.06951331347227097,
        0.07956816256046295,
        0.08335163444280624,
        0.06805110722780228
      ],
      "plain": [
        0.0,
        1.1483005285263062,
        1.9836994409561157,
        2.7615818977355957,
        3.6679611206054688,
        3.0614824295043945,
        2.086333751678467
      ]
    },
    "shape": {
      "classic": {
        "lvc": 0.03923064594467481,
        "cvc": 0.017735326041777928
      },
      "wave_on_t": {
        "lvc": 0.016978822648525238,
        "cvc": 0.0074550627420345945
      },
      "plain": {
        "lvc": 0.7350361744562784,
        "cvc": 0.2766207754611969
      }
    },
    "recognition_20shot": {
      "classic": 0.556640625,
      "wave_on_t": 0.556640625,
      "plain": 0.5751953125
    }
  },
  "trained": {
    "mnist_backprop": {
      "classic": 0.9749,
      "wave_on_t": 0.9674,
      "plain": 0.9693
    },
    "R": {
      "classic": 0.40981330816752426,
      "wave_on_t": 0.41082715014395854,
      "plain": 0.40984285183844865
    },
    "recognition_20shot": {
      "classic": 0.78125,
      "wave_on_t": 0.7939453125,
      "plain": 0.82421875
    },
    "velocity": {
      "speeds": [
        0.0,
        0.5,
        1.0,
        2.0,
        3.0,
        4.0,
        5.0
      ],
      "classic": [
        0.0,
        4.91729736328125,
        6.366703510284424,
        8.51884937286377,
        10.793301582336426,
        8.634747505187988,
        6.134915828704834
      ],
      "wave_on_t": [
        0.0,
        2.1473350524902344,
        3.155548572540283,
        4.057727336883545,
        4.838534355163574,
        3.7976291179656982,
        2.6256539821624756
      ],
      "plain": [
        0.0,
        3.9918580055236816,
        5.012165546417236,
        6.809105396270752,
        7.488273620605469,
        6.429885387420654,
        5.1727213859558105
      ]
    },
    "cognitive": {
      "classic": {
        "acc": 1.0,
        "R": 0.411397433150433
      },
      "wave_on_t": {
        "acc": 1.0,
        "R": 0.4102350029212699
      },
      "plain": {
        "acc": 1.0,
        "R": 0.4088418060647296
      }
    }
  },
  "parameters": {
    "classic": 1456601,
    "wave_on_t": 1553800,
    "plain": 1456601
  },
  "_meta": {
    "timestamp": "2026-03-31T01:41:38.455830",
    "seed": 42,
    "device": "cuda",
    "torch_version": "2.8.0+cu128"
  }
}