{
  "untrained": {
    "velocity": {
      "speeds": [
        0.0,
        0.5,
        1.0,
        2.0,
        3.0,
        4.0,
        5.0
      ],
      "classic": [
        0.0,
        0.07018937170505524,
        0.11796621978282928,
        0.16981709003448486,
        0.20905683934688568,
        0.1989419311285019,
        0.1562018245458603
      ],
      "wave_on_t": [
        0.0,
        0.030580226331949234,
        0.05123399198055267,
        0.07051345705986023,
        0.08286955952644348,
        0.08145522326231003,
        0.06745786219835281
      ],
      "plain": [
        0.0,
        1.029090166091919,
        1.7238690853118896,
        2.786395788192749,
        3.856559991836548,
        3.364323139190674,
        2.468198776245117
      ]
    },
    "shape": {
      "classic": {
        "lvc": 0.03923064594467481,
        "cvc": 0.017735326041777928
      },
      "wave_on_t": {
        "lvc": 0.01734008950491746,
        "cvc": 0.007573701751728852
      },
      "plain": {
        "lvc": 0.7684727708498637,
        "cvc": 0.3104706605275472
      }
    },
    "recognition_20shot": {
      "classic": 0.556640625,
      "wave_on_t": 0.556640625,
      "plain": 0.5908203125
    }
  },
  "trained": {
    "mnist_backprop": {
      "classic": 0.9749,
      "wave_on_t": 0.9674,
      "plain": 0.9733
    },
    "R": {
      "classic": 0.40981330816752426,
      "wave_on_t": 0.41082715014395854,
      "plain": 0.40966831703235596
    },
    "recognition_20shot": {
      "classic": 0.78125,
      "wave_on_t": 0.7939453125,
      "plain": 0.8525390625
    },
    "velocity": {
      "speeds": [
        0.0,
        0.5,
        1.0,
        2.0,
        3.0,
        4.0,
        5.0
      ],
      "classic": [
        0.0,
        4.91729736328125,
        6.366703510284424,
        8.51884937286377,
        10.793301582336426,
        8.634747505187988,
        6.134915828704834
      ],
      "wave_on_t": [
        0.0,
        2.1473350524902344,
        3.155548572540283,
        4.057727336883545,
        4.838534355163574,
        3.7976291179656982,
        2.6256539821624756
      ],
      "plain": [
        0.0,
        4.723268985748291,
        6.3028082847595215,
        7.583065509796143,
        7.419820785522461,
        7.823946475982666,
        6.2771992683410645
      ]
    },
    "cognitive": {
      "classic": {
        "acc": 1.0,
        "R": 0.41177682763774553
      },
      "wave_on_t": {
        "acc": 1.0,
        "R": 0.41081776978359485
      },
      "plain": {
        "acc": 1.0,
        "R": 0.4089311340269709
      }
    }
  },
  "parameters": {
    "classic": 1357785,
    "wave_on_t": 1454984,
    "plain": 1357785
  },
  "_meta": {
    "timestamp": "2026-03-30T16:09:38.112115",
    "seed": 42,
    "device": "cuda",
    "torch_version": "2.8.0+cu128"
  }
}