{
  "mnist_backprop": {
    "accuracies": [
      0.9538,
      0.9583,
      0.9198,
      0.9681,
      0.9533
    ],
    "Rs": [
      0.4097195414596122,
      0.4087587511274748,
      0.4098512521605464,
      0.4097624360050145,
      0.4097892636140668
    ],
    "acc_mean": 0.9506599999999998,
    "acc_se": 0.008159938725260142,
    "acc_ci95": [
      0.9280043780675373,
      0.9733156219324623
    ],
    "R_mean": 0.40957624887334293,
    "R_se": 0.0002054875988372173,
    "R_ci95": [
      0.4090057238353725,
      0.4101467739113134
    ]
  },
  "recognition_100shot": {
    "accuracies": [
      0.6689453125,
      0.740234375,
      0.7177734375,
      0.7197265625,
      0.7109375
    ],
    "mean": 0.7115234375,
    "se": 0.011713052000149368,
    "ci95": [
      0.6790027916072581,
      0.744044083392742
    ]
  },
  "cognitive_battery": {
    "Rs": [
      0.411091310317848,
      0.41160976328331794,
      0.4084858350072077,
      0.40896083162195423,
      0.40958782235533714
    ],
    "accs": [
      0.99609375,
      0.998828125,
      0.99765625,
      0.997265625,
      0.998828125
    ],
    "R_mean": 0.40994711251713295,
    "R_se": 0.0006045976994261498,
    "R_ci95": [
      0.40826848019394735,
      0.41162574484031855
    ],
    "acc_mean": 0.9977343750000001,
    "acc_se": 0.0005152697639950242,
    "acc_ci95": [
      0.9963037567858997,
      0.9991649932141005
    ]
  },
  "velocity_peak": {
    "peaks": [
      0.20905683934688568,
      0.22111068665981293,
      0.19260583817958832,
      0.2899693548679352,
      0.3259282410144806
    ],
    "mean": 0.24773419201374053,
    "se": 0.025633964113613836,
    "ci95": [
      0.17656289782368137,
      0.31890548620379966
    ]
  },
  "_meta": {
    "timestamp": "2026-03-31T01:43:36.279521",
    "seed": 42,
    "device": "cuda",
    "torch_version": "2.8.0+cu128"
  }
}