{
  "gradient_flow": {
    "v1.gabor_bank": {
      "mean_grad": 0.0,
      "max_grad": 0.0,
      "status": "\u26a0\ufe0f  NO PARAMS"
    },
    "v1.simple_cells": {
      "mean_grad": 0.0022075559245422482,
      "max_grad": 0.0023659830912947655,
      "status": "\u2705 ACTIVE"
    },
    "v1.complex_cells": {
      "mean_grad": 0.0,
      "max_grad": 0.0,
      "status": "\u26a0\ufe0f  NO PARAMS"
    },
    "v1.hypercolumns": {
      "mean_grad": 0.0005061102339009693,
      "max_grad": 0.0011306868400424719,
      "status": "\u2705 ACTIVE"
    },
    "orientation": {
      "mean_grad": 0.00037504368810914457,
      "max_grad": 0.00037504368810914457,
      "status": "\u2705 ACTIVE"
    },
    "wave.amplitude_net": {
      "mean_grad": 0.00018278807237948058,
      "max_grad": 0.0003400747664272785,
      "status": "\u2705 ACTIVE"
    },
    "wave.phase_net": {
      "mean_grad": 0.0006651988587691449,
      "max_grad": 0.0012202020734548569,
      "status": "\u2705 ACTIVE"
    },
    "nonlocal.attn": {
      "mean_grad": 0.00011679786234708445,
      "max_grad": 0.0003562079509720206,
      "status": "\u2705 ACTIVE"
    },
    "abstraction": {
      "mean_grad": 0.0,
      "max_grad": 0.0,
      "status": "\u26a0\ufe0f  NO PARAMS"
    },
    "consciousness.project": {
      "mean_grad": 0.0,
      "max_grad": 0.0,
      "status": "\u26a0\ufe0f  NO PARAMS"
    },
    "consciousness.evolve": {
      "mean_grad": 0.0,
      "max_grad": 0.0,
      "status": "\u26a0\ufe0f  NO PARAMS"
    },
    "classifier": {
      "mean_grad": 0.0005072091857982741,
      "max_grad": 0.0012766215950250626,
      "status": "\u2705 ACTIVE"
    }
  },
  "feature_variance": {
    "logits": {
      "variance": 49.33629608154297,
      "mean_abs": 7.571905612945557,
      "std": 7.023980140686035,
      "sample_variance": 1.5321820974349976,
      "collapsed": false,
      "status": "\u2705 DIVERSE"
    },
    "abstract": {
      "variance": 0.0033902295399457216,
      "mean_abs": 0.052706003189086914,
      "std": 0.05822567641735077,
      "sample_variance": 2.0146632806472553e-08,
      "collapsed": true,
      "status": "\u274c COLLAPSED"
    },
    "amplitude": {
      "variance": 0.020837780088186264,
      "mean_abs": 0.24694037437438965,
      "std": 0.1443529725074768,
      "sample_variance": 0.001482686959207058,
      "collapsed": false,
      "status": "\u2705 DIVERSE"
    },
    "phase": {
      "variance": 0.10765368491411209,
      "mean_abs": 0.1708453744649887,
      "std": 0.32810622453689575,
      "sample_variance": 0.0003805768210440874,
      "collapsed": false,
      "status": "\u2705 DIVERSE"
    },
    "amplitude_c": {
      "variance": 3.1661608890232174e-09,
      "mean_abs": 0.4808708131313324,
      "std": 5.626865095109679e-05,
      "sample_variance": 2.5440599280002196e-11,
      "collapsed": true,
      "status": "\u274c COLLAPSED"
    },
    "phase_c": {
      "variance": 1.4723057746887207,
      "mean_abs": 1.0386799573898315,
      "std": 1.213386058807373,
      "sample_variance": 1.3948237530259089e-11,
      "collapsed": true,
      "status": "\u274c COLLAPSED"
    }
  },
  "ablation": {
    "normal": 99.50000047683716,
    "v1": {
      "accuracy_with_noise": 14.499999582767487,
      "accuracy_drop": 85.00000089406967,
      "connected": true
    },
    "orientation": {
      "accuracy_with_noise": 9.49999988079071,
      "accuracy_drop": 90.00000059604645,
      "connected": true
    },
    "wave": {
      "accuracy_with_noise": 99.50000047683716,
      "accuracy_drop": 0.0,
      "connected": false
    },
    "nonlocal": {
      "accuracy_with_noise": 8.999999612569809,
      "accuracy_drop": 90.50000086426735,
      "connected": true
    },
    "abstraction": {
      "accuracy_with_noise": 99.50000047683716,
      "accuracy_drop": 0.0,
      "connected": false
    }
  },
  "representations": {
    "abstract": {
      "inter_class_dist": 0.0008573909872211516,
      "intra_class_var": 2.8545995576223506e-07,
      "separation_ratio": 1.6047160207300246
    },
    "amplitude": {
      "inter_class_dist": 3.2842366695404053,
      "intra_class_var": 0.003918943740427494,
      "separation_ratio": 52.46260627782269
    },
    "phase": {
      "inter_class_dist": 3.817171335220337,
      "intra_class_var": 0.008697519963607191,
      "separation_ratio": 40.93020220433926
    }
  }
}