{
  "test_accuracy": 0.9743,
  "test_reflexivity": 0.40962699003231495,
  "test_phase": "critical",
  "per_class_accuracy": {
    "0": 0.9846938775510204,
    "1": 0.9929515418502203,
    "2": 0.9903100775193798,
    "3": 0.9841584158415841,
    "4": 0.9327902240325866,
    "5": 0.9809417040358744,
    "6": 0.9853862212943633,
    "7": 0.9601167315175098,
    "8": 0.9640657084188912,
    "9": 0.9653121902874133
  },
  "training_dynamics": {
    "batch_idx": [
      50,
      100,
      150,
      200,
      250,
      300,
      350,
      400,
      450,
      500,
      550,
      600,
      650,
      700,
      750,
      800,
      850,
      900
    ],
    "losses": [
      2.126194715499878,
      1.8546969890594482,
      0.966787576675415,
      0.2771312892436981,
      0.2741451561450958,
      0.866054356098175,
      0.28807586431503296,
      0.4295715391635895,
      0.11675817519426346,
      0.21655072271823883,
      0.17691673338413239,
      0.26393258571624756,
      0.3300146758556366,
      0.08508837968111038,
      0.1020466685295105,
      0.14229236543178558,
      0.0398234948515892,
      0.804041862487793
    ],
    "accuracies": [
      0.875,
      0.84375,
      0.921875,
      0.96875,
      0.96875,
      0.9375,
      0.96875,
      0.953125,
      1.0,
      0.953125,
      0.984375,
      0.953125,
      0.9375,
      1.0,
      0.984375,
      0.984375,
      0.984375,
      0.890625
    ],
    "reflexivities": [
      0.41004989360885696,
      0.40574643904464375,
      0.4123962803647034,
      0.4102130562017171,
      0.4101009719783669,
      0.4092910532035413,
      0.41025165510704525,
      0.40942035882107586,
      0.41068828384591394,
      0.4097145520275835,
      0.4096549673755053,
      0.4107181440488987,
      0.409717933946319,
      0.41022756003202165,
      0.40918372349223825,
      0.41026477717923304,
      0.4098674144722743,
      0.4100573901865929
    ]
  },
  "reference_v311": {
    "accuracy": 0.9374,
    "reflexivity": 0.382
  },
  "_meta": {
    "timestamp": "2026-04-04T00:15:41.141156",
    "seed": 42,
    "device": "cuda",
    "torch_version": "2.8.0+cu128"
  }
}