{
  "logic": {
    "accuracy": 1.0,
    "reflexivity": 0.40875677947172256,
    "coherence": 0.9998882357612633,
    "abstract_variance": 24.546005249023438,
    "phase": "critical"
  },
  "memory": {
    "accuracy": 1.0,
    "reflexivity": 0.41009603999525207,
    "coherence": 0.999927169527015,
    "abstract_variance": 14.6898193359375,
    "phase": "critical"
  },
  "categorization": {
    "accuracy": 1.0,
    "reflexivity": 0.4103510144885283,
    "coherence": 0.9999648634046051,
    "abstract_variance": 24.625141143798828,
    "phase": "critical"
  },
  "analogy": {
    "accuracy": 1.0,
    "reflexivity": 0.4089626333334601,
    "coherence": 0.999917346591826,
    "abstract_variance": 23.24397850036621,
    "phase": "critical"
  },
  "spatial": {
    "accuracy": 1.0,
    "reflexivity": 0.40699270299642915,
    "coherence": 0.9999491219571205,
    "abstract_variance": 22.594802856445312,
    "phase": "critical"
  },
  "raven": {
    "accuracy": 0.984375,
    "reflexivity": 0.40925904405226465,
    "coherence": 0.999789541077512,
    "abstract_variance": 8.350656509399414,
    "phase": "critical"
  },
  "numerical": {
    "accuracy": 1.0,
    "reflexivity": 0.40876502558202155,
    "coherence": 0.9999043987960846,
    "abstract_variance": 22.03216552734375,
    "phase": "critical"
  },
  "verbal": {
    "accuracy": 1.0,
    "reflexivity": 0.40928180737612097,
    "coherence": 0.9999078818656832,
    "abstract_variance": 25.348155975341797,
    "phase": "critical"
  },
  "emotional": {
    "accuracy": 1.0,
    "reflexivity": 0.4093150383878255,
    "coherence": 0.999911180168003,
    "abstract_variance": 23.840099334716797,
    "phase": "critical"
  },
  "insight": {
    "accuracy": 1.0,
    "reflexivity": 0.4079576517348518,
    "coherence": 0.9999568208095646,
    "abstract_variance": 11.976408958435059,
    "phase": "critical"
  },
  "summary": {
    "mean_accuracy": 0.9984375,
    "mean_reflexivity": 0.4089737737418477,
    "std_reflexivity": 0.0009217879742078692,
    "all_in_critical_regime": true,
    "v311_reference": {
      "accuracy": 0.9934,
      "reflexivity": 0.9563
    }
  },
  "_meta": {
    "timestamp": "2026-04-04T00:15:51.371663",
    "seed": 42,
    "device": "cuda",
    "torch_version": "2.8.0+cu128"
  }
}