{
  "n_shot_scaling": {
    "n_shots": [
      1,
      5,
      10,
      20,
      50,
      100
    ],
    "knn_accuracies": [
      0.4296875,
      0.4658203125,
      0.5625,
      0.619140625,
      0.6748046875,
      0.732421875
    ],
    "prototype_accuracies": [
      0.4296875,
      0.4541015625,
      0.5009765625,
      0.498046875,
      0.5244140625,
      0.5419921875
    ],
    "method": "kNN top-5 weighted cosine voting (128-dim amp+phase)"
  },
  "reproducibility": {
    "trial_accuracies": [
      0.7509765625,
      0.7490234375,
      0.7080078125,
      0.7470703125,
      0.705078125
    ],
    "mean": 0.73203125,
    "std": 0.02086829748311419
  },
  "consolidation": {
    "knn_acc": 0.619140625,
    "prototype_acc": 0.498046875,
    "knn_episodes": 200,
    "prototype_memories": 10
  },
  "stage_features": {
    "after_wave": 0.619140625,
    "after_v2": 0.68359375,
    "after_v3": 0.6826171875,
    "after_v4": 0.6279296875
  },
  "consciousness_R": 0.4008937543196421,
  "baselines": {
    "raw_pixels_784d": 0.8994140625,
    "pca_128d": 0.88671875,
    "rbf_128d": 0.865234375,
    "fair_3x3_9d": 0.6787109375,
    "substancenet_128d_9pos": 0.732421875,
    "note": "All: 100-shot, kNN top-5 cosine weighted, test_size=1024, seed=42"
  },
  "ablation": {
    "stages": [
      "v1_raw",
      "orient",
      "feat_proj",
      "nonlocal",
      "after_v2",
      "after_v3",
      "after_v4"
    ],
    "labels": [
      "V1 Gabor only",
      "V1 + Orient",
      "V1 + Orient + FeatProj",
      "+ NonLocal attention",
      "+ V2 (3-stream)",
      "+ V3 (Hebbian)",
      "+ V4 (Hebbian)"
    ],
    "dims": [
      64,
      512,
      128,
      128,
      128,
      128,
      128
    ],
    "innate": [
      true,
      true,
      true,
      true,
      true,
      false,
      false
    ],
    "accuracies": [
      0.5849609375,
      0.5927734375,
      0.619140625,
      0.6181640625,
      0.68359375,
      0.6826171875,
      0.6279296875
    ],
    "protocol": "20-shot, kNN top-5 cosine weighted, test_size=1024"
  },
  "_meta": {
    "timestamp": "2026-04-08T11:39:13.408148",
    "seed": 42,
    "device": "cuda",
    "torch_version": "2.8.0+cu128"
  }
}